{"train/l1_loss":150,"epoch":54,"accuracy":0.49137931034482757,"val/separation_loss":0.9834039858409337,"slots/percentage_active":100,"slots/num_active":200,"_wandb":{"runtime":6113},"val/accuracy":49.137931034482754,"train/accuracy":66.71765734265735,"train/cross_entropy":0.9067939264582587,"_timestamp":1.766806225230198e+09,"slots/num_pruned":0,"train/orthogonal_loss":280.6065673828125,"slots/final_percentage":100,"val/cross_entropy":1.4036843112536839,"train/separation_loss":0.9745877255926599,"train/coherence_loss":0.9170687698817753,"val/cluster_loss":0.9802868774959019,"slots/final_active":200,"learning_rate":5.000000000000003e-13,"phase":"slots","val/orthogonal_loss":280.6065673828125,"best_accuracy":0.49137931034482757,"val/l1_loss":150,"train/cluster_loss":0.9743039516302255,"_step":55,"_runtime":6113}