{"val/separation_loss":1.0000055033693296,"epoch":14,"_step":14,"best_accuracy":0.3795372050816697,"train/l1_loss":6000,"accuracy":0.31715063520871145,"learning_rate":5.000000000000001e-07,"_runtime":10922,"train/separation_loss":0.9995809041586554,"val/l1_loss":6000,"val/cross_entropy":1.9019266974025435,"_wandb":{"runtime":10922},"train/accuracy":53.06731813246471,"train/orthogonal_loss":6045.828600133177,"val/orthogonal_loss":6058.763671875,"val/cluster_loss":0.9997041455306073,"val/accuracy":31.715063520871144,"train/cluster_loss":0.99930756138668,"_timestamp":1.766754270414023e+09,"phase":"joint","train/cross_entropy":1.3422525820911868}